Name,HELM,pEC50_hAMY3R,pEC50_hCTR,pIC50_hAMY3R,Protractor,Mods
Pramlintide-ref,"PEPTIDE1{K.C.N.T.A.T.C.A.T.Q.R.L.A.N.F.L.V.H.S.S.N.N.F.G.P.I.L.P.P.T.N.V.G.S.N.T.Y}$PEPTIDE1,PEPTIDE1,2:R3-7:R3$$V2.0",11.3,10.15,9.94,none,25P+28P+29P
Cmpd_01,"PEPTIDE1{H.C.N.T.A.T.C.A.T.Q.R.L.A.N.F.L.H.H.S.S.N.N.F.G.P.I.L.P.P.T.N.V.G.S.N.T.Y}|PEPTIDE2{[gGlu].H.H.[C20d]}$PEPTIDE2,PEPTIDE1,1:R1-1:R1|PEPTIDE1,PEPTIDE1,2:R3-7:R3$$V2.0",10.13,9.87,9.67,gGlu-His-His-C20diacid,1H+17H+25P+28P+29P
Cmpd_02,"PEPTIDE1{H.C.N.T.A.T.C.A.T.Q.R.L.A.E.F.L.H.R.S.S.N.N.F.G.P.I.L.P.P.T.N.V.G.S.N.T.Y}|PEPTIDE2{[gGlu].[C20d]}$PEPTIDE2,PEPTIDE1,1:R1-1:R1|PEPTIDE1,PEPTIDE1,2:R3-7:R3$$V2.0",10.08,9.89,9.86,gGlu-C20diacid,1H+14E+17H+18R+25P+28P+29P
Cmpd_03,"PEPTIDE1{R.C.N.T.A.T.C.A.T.Q.R.L.A.N.F.L.H.H.S.S.N.N.F.G.P.I.L.P.P.T.N.V.G.S.R.T.Y}|PEPTIDE2{[gGlu].[Ado].[Ado].R.R.[C20d]}$PEPTIDE2,PEPTIDE1,1:R1-1:R1|PEPTIDE1,PEPTIDE1,2:R3-7:R3$$V2.0",10.12,8.91,9.67,gGlu-2xOEG-Arg-Arg-C20diacid,1R+17H+25P+28P+29P+35R
Cmpd_04,"PEPTIDE1{H.C.N.T.A.T.C.A.T.Q.R.L.A.E.F.L.H.R.S.S.N.N.F.G.A.P.L.S.S.T.N.V.G.S.N.T.Y}|PEPTIDE2{[gGlu].[C20d]}$PEPTIDE2,PEPTIDE1,1:R1-1:R1|PEPTIDE1,PEPTIDE1,2:R3-7:R3$$V2.0",9.97,9.66,,gGlu-C20diacid,1H+14E+17H+18R+26P
Cmpd_05,"PEPTIDE1{H.C.N.T.A.T.C.A.T.Q.R.L.A.E.F.L.H.R.S.S.N.N.F.G.E.I.L.S.R.T.N.V.G.S.N.T.Y}|PEPTIDE2{[gGlu].[C20d]}$PEPTIDE2,PEPTIDE1,1:R1-1:R1|PEPTIDE1,PEPTIDE1,2:R3-7:R3$$V2.0",10.11,9.89,9.09,gGlu-C20diacid,1H+14E+17H+18R+25E+29R
Cmpd_06,"PEPTIDE1{H.C.N.T.A.T.C.A.T.Q.R.L.A.E.F.L.H.R.S.S.S.S.F.G.P.I.L.P.P.T.D.V.G.S.D.T.Y}|PEPTIDE2{[gGlu].[C20d]}$PEPTIDE2,PEPTIDE1,1:R1-1:R1|PEPTIDE1,PEPTIDE1,2:R3-7:R3$$V2.0",9.78,9.74,,gGlu-C20diacid,1H+14E+17H+18R+21S+22S+25P+28P+29P+31D+35D
Cmpd_07,"PEPTIDE1{H.C.N.T.A.T.C.A.T.Q.R.L.A.E.F.L.H.H.S.S.N.N.F.G.P.I.L.P.P.T.N.V.G.S.N.T.Y}|PEPTIDE2{[gGlu].H.H.[C20d]}$PEPTIDE2,PEPTIDE1,1:R1-1:R1|PEPTIDE1,PEPTIDE1,2:R3-7:R3$$V2.0",10.13,9.7,9.14,gGlu-His-His-C20diacid,1H+14E+17H+25P+28P+29P
Cmpd_08,"PEPTIDE1{H.C.N.T.A.T.C.A.T.Q.R.L.A.E.F.L.R.H.S.S.N.N.F.G.P.I.L.P.P.T.N.V.G.S.N.T.Y}|PEPTIDE2{[gGlu].H.H.[C20d]}$PEPTIDE2,PEPTIDE1,1:R1-1:R1|PEPTIDE1,PEPTIDE1,2:R3-7:R3$$V2.0",10.14,9.39,,gGlu-His-His-C20diacid,1H+14E+17R+25P+28P+29P
Cmpd_09,"PEPTIDE1{H.C.N.T.A.T.C.A.T.Q.R.L.A.R.F.L.H.H.S.S.N.N.F.G.P.I.L.P.P.T.N.V.G.S.N.T.Y}|PEPTIDE2{[gGlu].H.H.[C20d]}$PEPTIDE2,PEPTIDE1,1:R1-1:R1|PEPTIDE1,PEPTIDE1,2:R3-7:R3$$V2.0",10.16,9.4,,gGlu-His-His-C20diacid,1H+14R+17H+25P+28P+29P
Cmpd_10,"PEPTIDE1{H.C.N.T.A.T.C.A.T.Q.R.L.A.E.F.L.V.R.S.S.N.N.F.G.P.I.L.P.P.T.N.V.G.S.N.T.Y}|PEPTIDE2{[gGlu].[C20d]}$PEPTIDE2,PEPTIDE1,1:R1-1:R1|PEPTIDE1,PEPTIDE1,2:R3-7:R3$$V2.0",10.08,9.9,9.3,gGlu-C20diacid,1H+14E+18R+25P+28P+29P
Cmpd_11,"PEPTIDE1{H.C.N.T.A.T.C.A.T.Q.R.L.A.E.F.L.H.H.S.S.N.N.F.G.P.I.L.P.P.T.N.V.G.S.N.T.Y}|PEPTIDE2{[gGlu].H.[C20d]}$PEPTIDE2,PEPTIDE1,1:R1-1:R1|PEPTIDE1,PEPTIDE1,2:R3-7:R3$$V2.0",9.99,9.78,9.44,gGlu-His-C20diacid,1H+14E+17H+25P+28P+29P
Cmpd_12,"PEPTIDE1{H.C.R.T.A.T.C.A.T.Q.R.L.A.E.F.L.H.H.S.S.N.N.F.G.P.I.L.P.P.T.N.V.G.S.N.T.Y}|PEPTIDE2{[gGlu].H.H.[C20d]}$PEPTIDE2,PEPTIDE1,1:R1-1:R1|PEPTIDE1,PEPTIDE1,2:R3-7:R3$$V2.0",10.02,9.8,,gGlu-His-His-C20diacid,1H+3R+14E+17H+25P+28P+29P
Cmpd_13,"PEPTIDE1{K.C.N.T.A.T.C.A.T.Q.R.L.A.E.F.L.H.H.S.S.N.N.F.G.P.I.L.P.P.T.N.V.G.S.N.T.Y}|PEPTIDE2{[gGlu].E.[C20d]}$PEPTIDE2,PEPTIDE1,1:R1-1:R1|PEPTIDE1,PEPTIDE1,2:R3-7:R3$$V2.0",9.89,9.69,,gGlu-Glu-C20diacid,14E+17H+25P+28P+29P
Cmpd_14,"PEPTIDE1{K.C.N.T.A.T.C.A.T.Q.R.L.A.E.F.L.H.H.S.S.N.N.F.G.P.I.L.P.P.T.N.V.G.S.N.T.Y}|PEPTIDE2{[gGlu].[C20d]}$PEPTIDE2,PEPTIDE1,1:R1-1:R1|PEPTIDE1,PEPTIDE1,2:R3-7:R3$$V2.0",9.92,9.97,9.72,gGlu-C20diacid,14E+17H+25P+28P+29P
Cmpd_15,"PEPTIDE1{C.N.T.A.T.C.A.T.Q.R.L.A.E.F.L.H.H.S.S.N.N.F.G.P.I.L.P.P.T.N.V.G.S.N.T.Y}|PEPTIDE2{[gGlu].[C20d]}$PEPTIDE2,PEPTIDE1,1:R1-1:R1|PEPTIDE1,PEPTIDE1,2:R3-7:R3$$V2.0",9.9,9.93,8.87,gGlu-C20diacid,des1+14E+17H+25P+28P+29P
Cmpd_16,"PEPTIDE1{E.C.N.T.A.T.C.A.T.Q.R.L.A.E.F.L.H.H.S.S.N.N.F.G.P.I.L.P.P.T.N.V.G.S.N.T.Y}|PEPTIDE2{[gGlu].[C20d]}$PEPTIDE2,PEPTIDE1,1:R1-1:R1|PEPTIDE1,PEPTIDE1,2:R3-7:R3$$V2.0",9.42,9.18,,gGlu-C20diacid,1E+14E+17H+25P+28P+29P
Cmpd_17,"PEPTIDE1{K.C.N.T.A.T.C.A.T.Q.R.L.A.E.F.L.H.R.S.S.N.N.F.G.P.I.L.P.P.T.N.V.G.S.N.T.Y}|PEPTIDE2{[gGlu].[Ado].[Ado].[dR].[dR].[C20d]}$PEPTIDE2,PEPTIDE1,1:R1-1:R1|PEPTIDE1,PEPTIDE1,2:R3-7:R3$$V2.0",10.11,9.22,10.28,gGlu-2xOEG-D-Arg-D-Arg-C20diacid,14E+17H+18R+25P+28P+29P
Cmpd_18,"PEPTIDE1{K.C.N.T.A.T.C.A.T.Q.R.L.A.E.F.L.H.R.S.S.A.N.F.G.P.I.L.P.P.T.N.V.G.S.S.T.Y}|PEPTIDE2{[gGlu].[Ado].[Ado].[dR].[dR].[C20d]}$PEPTIDE2,PEPTIDE1,1:R1-1:R1|PEPTIDE1,PEPTIDE1,2:R3-7:R3$$V2.0",9.85,8.97,,gGlu-2xOEG-D-Arg-D-Arg-C20diacid,14E+17H+18R+21A+25P+28P+29P+35S
Cmpd_19,"PEPTIDE1{H.C.N.T.A.T.C.A.T.Q.[hArg].L.A.N.F.L.H.H.S.S.N.N.F.G.P.I.L.P.P.T.N.V.G.S.N.T.Y}|PEPTIDE2{[gGlu].H.H.[C20d]}$PEPTIDE2,PEPTIDE1,1:R1-1:R1|PEPTIDE1,PEPTIDE1,2:R3-7:R3$$V2.0",9.99,9.41,8.96,gGlu-His-His-C20diacid,1H+11hArg+17H+25P+28P+29P
Cmpd_21,"PEPTIDE1{K.C.N.T.A.T.C.A.T.Q.R.L.A.E.F.L.R.H.S.S.N.N.F.G.P.I.L.P.P.T.N.V.G.S.N.T.Y}|PEPTIDE2{[gGlu].[C20d]}$PEPTIDE2,PEPTIDE1,1:R1-1:R1|PEPTIDE1,PEPTIDE1,2:R3-7:R3$$V2.0",10.0,9.35,9.46,gGlu-C20diacid,14E+17R+25P+28P+29P
Cmpd_22,"PEPTIDE1{K.C.N.T.A.T.C.A.T.Q.R.L.A.E.F.L.H.H.S.S.N.N.F.G.P.I.L.P.P.T.N.V.G.S.N.T.P}|PEPTIDE2{[gGlu].[C20d]}$PEPTIDE2,PEPTIDE1,1:R1-1:R1|PEPTIDE1,PEPTIDE1,2:R3-7:R3$$V2.0",10.21,10.28,9.73,gGlu-C20diacid,14E+17H+25P+28P+29P+37P
Cmpd_23-cagrilintide,"PEPTIDE1{K.C.N.T.A.T.C.A.T.Q.R.L.A.E.F.L.R.H.S.S.N.N.F.G.P.I.L.P.P.T.N.V.G.S.N.T.P}|PEPTIDE2{[gGlu].[C20d]}$PEPTIDE2,PEPTIDE1,1:R1-1:R1|PEPTIDE1,PEPTIDE1,2:R3-7:R3$$V2.0",10.31,10.21,9.77,gGlu-C20diacid,14E+17R+25P+28P+29P+37P
Cmpd_24,"PEPTIDE1{K.C.N.T.A.T.C.A.T.Q.R.L.A.E.F.L.H.H.S.S.N.N.F.G.P.I.L.P.P.T.N.V.G.S.H.T.Y}|PEPTIDE2{[gGlu].[C20d]}$PEPTIDE2,PEPTIDE1,1:R1-1:R1|PEPTIDE1,PEPTIDE1,2:R3-7:R3$$V2.0",9.84,9.83,8.97,gGlu-C20diacid,14E+17H+25P+28P+29P+35H
Cmpd_25,"PEPTIDE1{K.C.N.T.A.T.C.A.T.Q.R.L.A.E.F.L.H.H.S.S.N.N.F.G.P.I.L.P.P.T.N.V.G.S.H.T.Y}|PEPTIDE2{[gGlu].E.[C20d]}$PEPTIDE2,PEPTIDE1,1:R1-1:R1|PEPTIDE1,PEPTIDE1,2:R3-7:R3$$V2.0",9.53,9.46,,gGlu-Glu-C20diacid,14E+17H+25P+28P+29P+35H
Cmpd_26,"PEPTIDE1{K.C.N.T.A.T.C.A.T.Q.R.L.A.E.F.L.R.H.S.S.N.N.F.G.P.I.L.P.P.T.N.V.G.S.H.T.Y}|PEPTIDE2{[gGlu].[C20d]}$PEPTIDE2,PEPTIDE1,1:R1-1:R1|PEPTIDE1,PEPTIDE1,2:R3-7:R3$$V2.0",9.95,9.42,,gGlu-C20diacid,14E+17R+25P+28P+29P+35H
Cmpd_27,"PEPTIDE1{H.C.N.T.A.T.C.A.T.Q.R.L.A.E.F.L.H.H.S.S.N.N.F.G.P.I.L.P.P.T.N.V.G.S.N.T.P}|PEPTIDE2{[gGlu].[C20d]}$PEPTIDE2,PEPTIDE1,1:R1-1:R1|PEPTIDE1,PEPTIDE1,2:R3-7:R3$$V2.0",10.04,10.17,9.53,gGlu-C20diacid,1H+14E+17H+25P+28P+29P+37P
